params,f1,roc_auc,average_precision,accuracy,balanced_accuracy,rank_test_f1,rank_test_roc_auc,rank_test_average_precision,rank_test_accuracy,rank_test_balanced_accuracy
"{'colsample_bytree': 0.6, 'subsample': 0.6, 'subsample_freq': 0}",0.7538461538461538,0.8789344685242518,0.8835921860894573,0.7901639344262295,0.790656174750602,66,74,46,48,55
"{'colsample_bytree': 0.6, 'subsample': 0.6, 'subsample_freq': 10}",0.714859437751004,0.8743120055039559,0.87764982289188,0.7672131147540984,0.7678233574131408,191,194,181,162,162
"{'colsample_bytree': 0.6, 'subsample': 0.6, 'subsample_freq': 20}",0.7527675276752768,0.874484004127967,0.8775971093256278,0.780327868852459,0.7807017543859649,86,190,184,113,124
"{'colsample_bytree': 0.6, 'subsample': 0.6, 'subsample_freq': 30}",0.7265625,0.8759889920880634,0.8785753969808978,0.7704918032786885,0.7710268317853457,159,167,170,149,152
"{'colsample_bytree': 0.6, 'subsample': 0.6, 'subsample_freq': 40}",0.7044534412955465,0.8746560027519781,0.8781130460994573,0.760655737704918,0.7612874097007224,200,188,178,191,191
"{'colsample_bytree': 0.6, 'subsample': 0.6, 'subsample_freq': 50}",0.6721991701244814,0.8775369797041624,0.8801574827085757,0.740983606557377,0.7416795665634675,221,127,141,221,221
"{'colsample_bytree': 0.6, 'subsample': 0.6, 'subsample_freq': 60}",0.6831275720164608,0.878826969384245,0.8818526583365207,0.7475409836065574,0.7482155142758857,216,81,95,216,216
"{'colsample_bytree': 0.6, 'subsample': 0.6, 'subsample_freq': 70}",0.6938775510204082,0.8760534915720675,0.8808247805574089,0.7540983606557377,0.7547514619883041,210,164,118,209,209
"{'colsample_bytree': 0.6, 'subsample': 0.6, 'subsample_freq': 80}",0.7401574803149606,0.8790419676642587,0.8827141622086456,0.7836065573770492,0.7841632266941865,117,65,71,102,102
"{'colsample_bytree': 0.6, 'subsample': 0.7, 'subsample_freq': 0}",0.7538461538461538,0.8785474716202272,0.8824890139401775,0.7901639344262295,0.790656174750602,66,92,80,48,55
"{'colsample_bytree': 0.6, 'subsample': 0.7, 'subsample_freq': 10}",0.7096774193548387,0.876074991400069,0.879279012230145,0.7639344262295082,0.7645553835569315,195,163,159,178,178
"{'colsample_bytree': 0.6, 'subsample': 0.7, 'subsample_freq': 20}",0.7720588235294117,0.8767629858961128,0.8789767993585096,0.7967213114754098,0.7970846233230134,7,148,162,17,26
"{'colsample_bytree': 0.6, 'subsample': 0.7, 'subsample_freq': 30}",0.7335907335907336,0.8736885104919161,0.8763243553969311,0.7737704918032787,0.7742733058135536,143,203,194,137,144
"{'colsample_bytree': 0.6, 'subsample': 0.7, 'subsample_freq': 40}",0.7251908396946565,0.8731510147918816,0.875413243213351,0.7639344262295082,0.7644048847609219,171,207,198,178,188
"{'colsample_bytree': 0.6, 'subsample': 0.7, 'subsample_freq': 50}",0.7237354085603113,0.8759029927760578,0.873225292900182,0.7672131147540984,0.7677373581011352,174,171,210,162,170
"{'colsample_bytree': 0.6, 'subsample': 0.7, 'subsample_freq': 60}",0.7404580152671755,0.8767629858961129,0.8729309605555283,0.7770491803278688,0.7775197798417612,116,147,212,126,136
"{'colsample_bytree': 0.6, 'subsample': 0.7, 'subsample_freq': 70}",0.7432950191570881,0.8782679738562091,0.8737444525622868,0.780327868852459,0.7808092535259719,110,100,208,113,121
"{'colsample_bytree': 0.6, 'subsample': 0.7, 'subsample_freq': 80}",0.7547169811320755,0.8791494668042656,0.8818603008735628,0.7868852459016393,0.7873237014103887,62,62,93,82,96
"{'colsample_bytree': 0.6, 'subsample': 0.8, 'subsample_freq': 0}",0.7538461538461538,0.8788914688682491,0.8836184281989641,0.7901639344262295,0.790656174750602,66,76,45,48,55
"{'colsample_bytree': 0.6, 'subsample': 0.8, 'subsample_freq': 10}",0.7265625,0.874484004127967,0.8789910583928285,0.7704918032786885,0.7710268317853457,159,190,161,149,152
"{'colsample_bytree': 0.6, 'subsample': 0.8, 'subsample_freq': 20}",0.7392996108949417,0.8765909872721019,0.8800202928354852,0.780327868852459,0.7808522531819746,121,151,148,113,119
"{'colsample_bytree': 0.6, 'subsample': 0.8, 'subsample_freq': 30}",0.725868725868726,0.8724200206398348,0.8739953227571277,0.7672131147540984,0.7677158582731338,166,214,207,162,171
"{'colsample_bytree': 0.6, 'subsample': 0.8, 'subsample_freq': 40}",0.718146718146718,0.8750859993120055,0.87092821133706,0.760655737704918,0.7611584107327141,186,186,220,191,197
"{'colsample_bytree': 0.6, 'subsample': 0.8, 'subsample_freq': 50}",0.7364341085271318,0.8771069831441349,0.8797415897843113,0.7770491803278688,0.777562779497764,130,138,154,126,132
"{'colsample_bytree': 0.6, 'subsample': 0.8, 'subsample_freq': 60}",0.7335907335907336,0.8768919848641211,0.8797804126173979,0.7737704918032787,0.7742733058135536,143,145,152,137,144
"{'colsample_bytree': 0.6, 'subsample': 0.8, 'subsample_freq': 70}",0.7480916030534351,0.8777519779841763,0.880696256840941,0.7836065573770492,0.784077227382181,96,119,126,102,110
"{'colsample_bytree': 0.6, 'subsample': 0.8, 'subsample_freq': 80}",0.752851711026616,0.8778379772961816,0.8816912614019362,0.7868852459016393,0.7873452012383901,83,113,99,82,93
"{'colsample_bytree': 0.6, 'subsample': 0.9, 'subsample_freq': 0}",0.7538461538461538,0.8788054695562435,0.8829356809486817,0.7901639344262295,0.790656174750602,66,83,67,48,55
"{'colsample_bytree': 0.6, 'subsample': 0.9, 'subsample_freq': 10}",0.7596899224806201,0.8792999656002752,0.8832429733466098,0.7967213114754098,0.797235122119023,34,56,56,17,17
"{'colsample_bytree': 0.6, 'subsample': 0.9, 'subsample_freq': 20}",0.7364341085271318,0.8780099759201927,0.8807141988169488,0.7770491803278688,0.777562779497764,130,109,124,126,132
"{'colsample_bytree': 0.6, 'subsample': 0.9, 'subsample_freq': 30}",0.7692307692307692,0.8806329549363605,0.8824692593613516,0.7934426229508197,0.7937951496388029,12,16,82,27,47
"{'colsample_bytree': 0.6, 'subsample': 0.9, 'subsample_freq': 40}",0.7698113207547169,0.8794289645682835,0.8825937184306131,0.8,0.8004385964912281,9,50,76,10,16
"{'colsample_bytree': 0.6, 'subsample': 0.9, 'subsample_freq': 50}",0.7692307692307693,0.8786549707602339,0.8818994634705045,0.8032786885245902,0.8037710698314413,10,89,92,7,7
"{'colsample_bytree': 0.6, 'subsample': 0.9, 'subsample_freq': 60}",0.7450980392156862,0.879170966632267,0.8830364628626304,0.7868852459016393,0.7874312005503956,100,60,64,82,82
"{'colsample_bytree': 0.6, 'subsample': 0.9, 'subsample_freq': 70}",0.7538461538461538,0.8783109735122119,0.8822405002361603,0.7901639344262295,0.790656174750602,66,99,88,48,55
"{'colsample_bytree': 0.6, 'subsample': 0.9, 'subsample_freq': 80}",0.7680608365019012,0.8790419676642586,0.8830264585648395,0.8,0.8004600963192294,14,67,66,10,14
"{'colsample_bytree': 0.6, 'subsample': 1.0, 'subsample_freq': 0}",0.7538461538461538,0.8790204678362573,0.8837066543560917,0.7901639344262295,0.790656174750602,66,68,42,48,55
"{'colsample_bytree': 0.6, 'subsample': 1.0, 'subsample_freq': 10}",0.7538461538461538,0.878719470244238,0.8832230658891885,0.7901639344262295,0.790656174750602,66,87,57,48,55
"{'colsample_bytree': 0.6, 'subsample': 1.0, 'subsample_freq': 20}",0.7538461538461538,0.87906346749226,0.8833945385905686,0.7901639344262295,0.790656174750602,66,64,49,48,55
"{'colsample_bytree': 0.6, 'subsample': 1.0, 'subsample_freq': 30}",0.7538461538461538,0.8787194702442381,0.8830300700737901,0.7901639344262295,0.790656174750602,66,86,65,48,55
"{'colsample_bytree': 0.6, 'subsample': 1.0, 'subsample_freq': 40}",0.7538461538461538,0.8788914688682491,0.8834165703931351,0.7901639344262295,0.790656174750602,66,76,48,48,55
"{'colsample_bytree': 0.6, 'subsample': 1.0, 'subsample_freq': 50}",0.7538461538461538,0.8788914688682491,0.883676747106388,0.7901639344262295,0.790656174750602,66,76,43,48,55
"{'colsample_bytree': 0.6, 'subsample': 1.0, 'subsample_freq': 60}",0.7538461538461538,0.8786334709322327,0.8832497053162169,0.7901639344262295,0.790656174750602,66,90,55,48,55
"{'colsample_bytree': 0.6, 'subsample': 1.0, 'subsample_freq': 70}",0.7538461538461538,0.8790204678362573,0.8837751570186185,0.7901639344262295,0.790656174750602,66,68,41,48,55
"{'colsample_bytree': 0.6, 'subsample': 1.0, 'subsample_freq': 80}",0.7538461538461538,0.8789344685242517,0.8833335310872863,0.7901639344262295,0.790656174750602,66,75,51,48,55
"{'colsample_bytree': 0.7, 'subsample': 0.6, 'subsample_freq': 0}",0.7301587301587302,0.8795579635362917,0.8849052216007199,0.7770491803278688,0.7776272789817682,154,46,20,126,126
"{'colsample_bytree': 0.7, 'subsample': 0.6, 'subsample_freq': 10}",0.7044534412955465,0.8731510147918817,0.8767836498526123,0.760655737704918,0.7612874097007224,200,206,192,191,191
"{'colsample_bytree': 0.7, 'subsample': 0.6, 'subsample_freq': 20}",0.7573529411764706,0.8757739938080495,0.8788921913215995,0.7836065573770492,0.783969728242174,44,177,166,102,112
"{'colsample_bytree': 0.7, 'subsample': 0.6, 'subsample_freq': 30}",0.7286821705426357,0.8767629858961128,0.8683365503807041,0.7704918032786885,0.7710053319573444,158,148,223,149,159
"{'colsample_bytree': 0.7, 'subsample': 0.6, 'subsample_freq': 40}",0.6991869918699187,0.8763329893360852,0.8776262364611125,0.7573770491803279,0.7580194358445133,206,157,183,203,203
"{'colsample_bytree': 0.7, 'subsample': 0.6, 'subsample_freq': 50}",0.6610878661087867,0.878998968008256,0.8808782610607708,0.7344262295081967,0.7351436188510492,225,70,117,225,225
"{'colsample_bytree': 0.7, 'subsample': 0.6, 'subsample_freq': 60}",0.6776859504132232,0.8805039559683523,0.8825210785945279,0.7442622950819672,0.7449475404196766,218,17,79,218,218
"{'colsample_bytree': 0.7, 'subsample': 0.6, 'subsample_freq': 70}",0.6885245901639345,0.8778379772961816,0.8810532679469076,0.7508196721311475,0.751483488132095,212,113,113,212,212
"{'colsample_bytree': 0.7, 'subsample': 0.6, 'subsample_freq': 80}",0.7421875000000001,0.8795579635362917,0.8826489255287531,0.7836065573770492,0.784141726866185,113,46,72,102,106
"{'colsample_bytree': 0.7, 'subsample': 0.7, 'subsample_freq': 0}",0.754863813229572,0.8797299621603026,0.8844853012583215,0.7934426229508197,0.7939671482628139,51,32,30,27,27
"{'colsample_bytree': 0.7, 'subsample': 0.7, 'subsample_freq': 10}",0.7068273092369477,0.8777519779841763,0.8798147509666153,0.760655737704918,0.761265909872721,198,119,151,191,194
"{'colsample_bytree': 0.7, 'subsample': 0.7, 'subsample_freq': 20}",0.7675276752767528,0.8772789817681459,0.8785138541362527,0.7934426229508197,0.7938166494668043,16,133,171,27,44
"{'colsample_bytree': 0.7, 'subsample': 0.7, 'subsample_freq': 30}",0.7165354330708661,0.872248022015824,0.8755555064142551,0.7639344262295082,0.7644908840729274,189,216,197,178,183
"{'colsample_bytree': 0.7, 'subsample': 0.7, 'subsample_freq': 40}",0.7340823970037453,0.8749140006879945,0.8772898934415092,0.7672131147540984,0.7676298589611283,141,187,187,162,176
"{'colsample_bytree': 0.7, 'subsample': 0.7, 'subsample_freq': 50}",0.7230769230769232,0.8781389748882009,0.8805803098431505,0.7639344262295082,0.7644263845889233,175,105,129,178,185
"{'colsample_bytree': 0.7, 'subsample': 0.7, 'subsample_freq': 60}",0.734375,0.8796009631922944,0.8819049870518638,0.7770491803278688,0.7775842793257655,138,40,91,126,129
"{'colsample_bytree': 0.7, 'subsample': 0.7, 'subsample_freq': 70}",0.751937984496124,0.878654970760234,0.8814068434265453,0.7901639344262295,0.7906776745786033,87,88,106,48,54
"{'colsample_bytree': 0.7, 'subsample': 0.7, 'subsample_freq': 80}",0.7586206896551724,0.8796439628482973,0.8824300782347121,0.7934426229508197,0.7939241486068112,38,38,85,27,38
"{'colsample_bytree': 0.7, 'subsample': 0.8, 'subsample_freq': 0}",0.7596899224806201,0.8795579635362918,0.8846929450231238,0.7967213114754098,0.797235122119023,34,45,27,17,17
"{'colsample_bytree': 0.7, 'subsample': 0.8, 'subsample_freq': 10}",0.734375,0.873968008255934,0.8781775730432033,0.7770491803278688,0.7775842793257655,138,198,177,126,129
"{'colsample_bytree': 0.7, 'subsample': 0.8, 'subsample_freq': 20}",0.7461538461538461,0.8771069831441348,0.8807835480140456,0.7836065573770492,0.7840987272101823,99,139,120,102,109
"{'colsample_bytree': 0.7, 'subsample': 0.8, 'subsample_freq': 30}",0.725868725868726,0.8691520467836258,0.8714643220960651,0.7672131147540984,0.7677158582731338,166,222,219,162,171
"{'colsample_bytree': 0.7, 'subsample': 0.8, 'subsample_freq': 40}",0.7224334600760455,0.8723770209838321,0.8706792857366658,0.760655737704918,0.7611154110767113,178,215,221,191,198
"{'colsample_bytree': 0.7, 'subsample': 0.8, 'subsample_freq': 50}",0.7215686274509804,0.8794719642242862,0.8812177371769911,0.7672131147540984,0.7677588579291366,179,49,110,162,165
"{'colsample_bytree': 0.7, 'subsample': 0.8, 'subsample_freq': 60}",0.7315175097276265,0.8783539731682147,0.8805756364147135,0.7737704918032787,0.7742948056415548,147,97,130,137,137
"{'colsample_bytree': 0.7, 'subsample': 0.8, 'subsample_freq': 70}",0.7557251908396947,0.8766339869281046,0.8800723450825356,0.7901639344262295,0.7906346749226006,47,150,144,48,72
"{'colsample_bytree': 0.7, 'subsample': 0.8, 'subsample_freq': 80}",0.7557251908396947,0.8776659786721706,0.8812054006629955,0.7901639344262295,0.7906346749226006,47,124,111,48,72
"{'colsample_bytree': 0.7, 'subsample': 0.9, 'subsample_freq': 0}",0.7351778656126482,0.8796009631922944,0.8843789015207568,0.780327868852459,0.7808952528379773,133,40,34,113,113
"{'colsample_bytree': 0.7, 'subsample': 0.9, 'subsample_freq': 10}",0.7651515151515152,0.8780099759201926,0.882387504209821,0.7967213114754098,0.7971706226350189,21,111,86,17,23
"{'colsample_bytree': 0.7, 'subsample': 0.9, 'subsample_freq': 20}",0.734375,0.8785259717922257,0.8809046764111301,0.7770491803278688,0.7775842793257655,138,93,115,126,129
"{'colsample_bytree': 0.7, 'subsample': 0.9, 'subsample_freq': 30}",0.7686567164179106,0.880374957000344,0.8830808736862434,0.7967213114754098,0.7971276229790162,13,18,62,17,25
"{'colsample_bytree': 0.7, 'subsample': 0.9, 'subsample_freq': 40}",0.7596899224806201,0.8777949776401789,0.8816769678201151,0.7967213114754098,0.797235122119023,34,116,101,17,17
"{'colsample_bytree': 0.7, 'subsample': 0.9, 'subsample_freq': 50}",0.7662835249042146,0.8783539731682146,0.8818109201952213,0.8,0.8004815961472308,19,98,96,10,12
"{'colsample_bytree': 0.7, 'subsample': 0.9, 'subsample_freq': 60}",0.7662835249042146,0.8782679738562091,0.8826262544398771,0.8,0.8004815961472308,19,100,74,10,12
"{'colsample_bytree': 0.7, 'subsample': 0.9, 'subsample_freq': 70}",0.7756653992395438,0.8790419676642587,0.8832765962277067,0.8065573770491803,0.8070175438596491,4,65,53,2,3
"{'colsample_bytree': 0.7, 'subsample': 0.9, 'subsample_freq': 80}",0.7538461538461538,0.8778379772961816,0.8824442321647978,0.7901639344262295,0.790656174750602,66,113,83,48,55
"{'colsample_bytree': 0.7, 'subsample': 1.0, 'subsample_freq': 0}",0.7596899224806201,0.8796869625043,0.8847945035362617,0.7967213114754098,0.797235122119023,34,36,24,17,17
"{'colsample_bytree': 0.7, 'subsample': 1.0, 'subsample_freq': 10}",0.754863813229572,0.8797299621603027,0.8850377368705048,0.7934426229508197,0.7939671482628139,51,31,18,27,27
"{'colsample_bytree': 0.7, 'subsample': 1.0, 'subsample_freq': 20}",0.7401574803149606,0.8796009631922945,0.885173979420556,0.7836065573770492,0.7841632266941865,117,39,15,102,102
"{'colsample_bytree': 0.7, 'subsample': 1.0, 'subsample_freq': 30}",0.754863813229572,0.8797514619883041,0.8847877482047753,0.7934426229508197,0.7939671482628139,51,30,25,27,27
"{'colsample_bytree': 0.7, 'subsample': 1.0, 'subsample_freq': 40}",0.75,0.8798159614723083,0.885181915446432,0.7901639344262295,0.7906991744066048,89,29,14,48,48
"{'colsample_bytree': 0.7, 'subsample': 1.0, 'subsample_freq': 50}",0.754863813229572,0.879514963880289,0.8852943166896197,0.7934426229508197,0.7939671482628139,51,48,13,27,27
"{'colsample_bytree': 0.7, 'subsample': 1.0, 'subsample_freq': 60}",0.7450980392156862,0.8800739594083248,0.8857391682199353,0.7868852459016393,0.7874312005503956,100,21,6,82,82
"{'colsample_bytree': 0.7, 'subsample': 1.0, 'subsample_freq': 70}",0.75,0.8796009631922944,0.8842639766887977,0.7901639344262295,0.7906991744066048,89,40,36,48,48
"{'colsample_bytree': 0.7, 'subsample': 1.0, 'subsample_freq': 80}",0.754863813229572,0.8799019607843137,0.8855013876201803,0.7934426229508197,0.7939671482628139,51,25,11,27,27
"{'colsample_bytree': 0.8, 'subsample': 0.6, 'subsample_freq': 0}",0.7575757575757576,0.8757739938080495,0.880266112264856,0.7901639344262295,0.7906131750945993,40,177,138,48,76
"{'colsample_bytree': 0.8, 'subsample': 0.6, 'subsample_freq': 10}",0.6991869918699187,0.8730650154798762,0.8776449603008114,0.7573770491803279,0.7580194358445133,206,208,182,203,203
"{'colsample_bytree': 0.8, 'subsample': 0.6, 'subsample_freq': 20}",0.7415730337078651,0.8763759889920881,0.8785113691980262,0.7737704918032787,0.774187306501548,114,154,172,137,147
"{'colsample_bytree': 0.8, 'subsample': 0.6, 'subsample_freq': 30}",0.7215686274509804,0.8750859993120056,0.8771357079707377,0.7672131147540984,0.7677588579291366,179,185,188,162,165
"{'colsample_bytree': 0.8, 'subsample': 0.6, 'subsample_freq': 40}",0.6991869918699187,0.8751504987960096,0.8772959718937021,0.7573770491803279,0.7580194358445133,206,184,186,203,203
"{'colsample_bytree': 0.8, 'subsample': 0.6, 'subsample_freq': 50}",0.6666666666666666,0.8777949776401788,0.8807311612085396,0.7377049180327869,0.7384115927072583,223,117,123,223,223
"{'colsample_bytree': 0.8, 'subsample': 0.6, 'subsample_freq': 60}",0.6721991701244814,0.8785689714482284,0.8813749441055125,0.740983606557377,0.7416795665634675,221,91,107,221,221
"{'colsample_bytree': 0.8, 'subsample': 0.6, 'subsample_freq': 70}",0.6885245901639345,0.8817509459924321,0.8833421525405172,0.7508196721311475,0.751483488132095,212,2,50,212,212
"{'colsample_bytree': 0.8, 'subsample': 0.6, 'subsample_freq': 80}",0.7301587301587302,0.8826324389404885,0.8846025917211133,0.7770491803278688,0.7776272789817682,154,1,28,126,126
"{'colsample_bytree': 0.8, 'subsample': 0.7, 'subsample_freq': 0}",0.7547169811320755,0.8756449948400413,0.8801493795629027,0.7868852459016393,0.7873237014103887,62,182,142,82,96
"{'colsample_bytree': 0.8, 'subsample': 0.7, 'subsample_freq': 10}",0.7171314741035857,0.8773219814241486,0.8796466504954711,0.7672131147540984,0.7678018575851393,187,131,155,162,163
"{'colsample_bytree': 0.8, 'subsample': 0.7, 'subsample_freq': 20}",0.7675276752767528,0.8758169934640523,0.8775162596548524,0.7934426229508197,0.7938166494668043,16,174,185,27,44
"{'colsample_bytree': 0.8, 'subsample': 0.7, 'subsample_freq': 30}",0.7137254901960784,0.873688510491916,0.8761093509403373,0.760655737704918,0.7612014103887169,192,204,195,191,196
"{'colsample_bytree': 0.8, 'subsample': 0.7, 'subsample_freq': 40}",0.7245283018867924,0.8709795321637427,0.8746779615096231,0.760655737704918,0.7610939112487101,172,221,203,191,199
"{'colsample_bytree': 0.8, 'subsample': 0.7, 'subsample_freq': 50}",0.7171314741035857,0.8759029927760579,0.8783018732184381,0.7672131147540984,0.7678018575851393,187,170,174,162,163
"{'colsample_bytree': 0.8, 'subsample': 0.7, 'subsample_freq': 60}",0.7315175097276265,0.8771929824561404,0.879522652733482,0.7737704918032787,0.7742948056415548,147,137,157,137,137
"{'colsample_bytree': 0.8, 'subsample': 0.7, 'subsample_freq': 70}",0.7441860465116279,0.8788914688682491,0.8812821388693562,0.7836065573770492,0.7841202270381837,108,76,109,102,107
"{'colsample_bytree': 0.8, 'subsample': 0.7, 'subsample_freq': 80}",0.7651515151515152,0.8799019607843137,0.8827426854778213,0.7967213114754098,0.7971706226350189,21,25,70,17,23
"{'colsample_bytree': 0.8, 'subsample': 0.8, 'subsample_freq': 0}",0.7575757575757576,0.8758169934640523,0.8803419859201476,0.7901639344262295,0.7906131750945993,40,174,135,48,76
"{'colsample_bytree': 0.8, 'subsample': 0.8, 'subsample_freq': 10}",0.7265625,0.8742260061919505,0.8782374771744667,0.7704918032786885,0.7710268317853457,159,196,176,149,152
"{'colsample_bytree': 0.8, 'subsample': 0.8, 'subsample_freq': 20}",0.7441860465116279,0.8782249742002064,0.8800373512817579,0.7836065573770492,0.7841202270381837,108,103,147,102,107
"{'colsample_bytree': 0.8, 'subsample': 0.8, 'subsample_freq': 30}",0.7230769230769232,0.8718180254557965,0.8724524031377822,0.7639344262295082,0.7644263845889233,175,219,215,178,185
"{'colsample_bytree': 0.8, 'subsample': 0.8, 'subsample_freq': 40}",0.7293233082706766,0.8731940144478844,0.8750259814920992,0.7639344262295082,0.7643618851049192,156,205,202,178,189
"{'colsample_bytree': 0.8, 'subsample': 0.8, 'subsample_freq': 50}",0.7315175097276265,0.8780099759201927,0.8740180761210982,0.7737704918032787,0.7742948056415548,147,109,206,137,137
"{'colsample_bytree': 0.8, 'subsample': 0.8, 'subsample_freq': 60}",0.7315175097276265,0.8773219814241486,0.8800629972769478,0.7737704918032787,0.7742948056415548,147,131,145,137,137
"{'colsample_bytree': 0.8, 'subsample': 0.8, 'subsample_freq': 70}",0.7432950191570881,0.8782249742002064,0.880769277250643,0.780327868852459,0.7808092535259719,110,103,121,113,121
"{'colsample_bytree': 0.8, 'subsample': 0.8, 'subsample_freq': 80}",0.752851711026616,0.8792139662882696,0.8825822805846169,0.7868852459016393,0.7873452012383901,83,58,77,82,93
"{'colsample_bytree': 0.8, 'subsample': 0.9, 'subsample_freq': 0}",0.7547169811320755,0.8761609907120742,0.8806745078248943,0.7868852459016393,0.7873237014103887,62,161,127,82,96
"{'colsample_bytree': 0.8, 'subsample': 0.9, 'subsample_freq': 10}",0.7633587786259541,0.876375988992088,0.8824398748175115,0.7967213114754098,0.7971921224630203,27,156,84,17,21
"{'colsample_bytree': 0.8, 'subsample': 0.9, 'subsample_freq': 20}",0.7215686274509804,0.8777089783281733,0.8802605850440591,0.7672131147540984,0.7677588579291366,179,122,139,162,165
"{'colsample_bytree': 0.8, 'subsample': 0.9, 'subsample_freq': 30}",0.7622641509433962,0.8778809769521844,0.8817352855429399,0.7934426229508197,0.7938811489508084,29,112,97,27,41
"{'colsample_bytree': 0.8, 'subsample': 0.9, 'subsample_freq': 40}",0.7601476014760147,0.8771069831441348,0.8797540012781138,0.7868852459016393,0.7872592019263847,33,139,153,82,101
"{'colsample_bytree': 0.8, 'subsample': 0.9, 'subsample_freq': 50}",0.7803030303030303,0.8789559683522532,0.8835132404147822,0.8098360655737705,0.8102855177158583,2,73,47,1,1
"{'colsample_bytree': 0.8, 'subsample': 0.9, 'subsample_freq': 60}",0.7739463601532568,0.8791279669762642,0.8837801188333815,0.8065573770491803,0.8070390436876504,6,63,40,2,2
"{'colsample_bytree': 0.8, 'subsample': 0.9, 'subsample_freq': 70}",0.7633587786259541,0.8787839697282422,0.8828706402192932,0.7967213114754098,0.7971921224630203,27,85,68,17,21
"{'colsample_bytree': 0.8, 'subsample': 0.9, 'subsample_freq': 80}",0.7622641509433962,0.8799449604403164,0.8836548609157568,0.7934426229508197,0.7938811489508084,29,22,44,27,41
"{'colsample_bytree': 0.8, 'subsample': 1.0, 'subsample_freq': 0}",0.7575757575757576,0.8756879944960441,0.8802370550589143,0.7901639344262295,0.7906131750945993,40,180,140,48,76
"{'colsample_bytree': 0.8, 'subsample': 1.0, 'subsample_freq': 10}",0.7565543071161048,0.8760319917440661,0.880607830213755,0.7868852459016393,0.7873022015823874,45,165,128,82,99
"{'colsample_bytree': 0.8, 'subsample': 1.0, 'subsample_freq': 20}",0.7364620938628158,0.8671740626074991,0.8716510640983735,0.760655737704918,0.7609649122807017,127,225,217,191,200
"{'colsample_bytree': 0.8, 'subsample': 1.0, 'subsample_freq': 30}",0.7364620938628158,0.8671740626074992,0.8715910363967989,0.760655737704918,0.7609649122807017,127,224,218,191,200
"{'colsample_bytree': 0.8, 'subsample': 1.0, 'subsample_freq': 40}",0.7611940298507461,0.8759459924320606,0.8804789648132169,0.7901639344262295,0.7905701754385965,31,168,131,48,80
"{'colsample_bytree': 0.8, 'subsample': 1.0, 'subsample_freq': 50}",0.7538461538461538,0.8758169934640523,0.8803083376058602,0.7901639344262295,0.790656174750602,66,174,136,48,55
"{'colsample_bytree': 0.8, 'subsample': 1.0, 'subsample_freq': 60}",0.7565543071161048,0.8758169934640524,0.8803742423573073,0.7868852459016393,0.7873022015823874,45,173,133,82,99
"{'colsample_bytree': 0.8, 'subsample': 1.0, 'subsample_freq': 70}",0.7557251908396947,0.8754729962160303,0.8799946004238817,0.7901639344262295,0.7906346749226006,47,183,149,48,72
"{'colsample_bytree': 0.8, 'subsample': 1.0, 'subsample_freq': 80}",0.7364620938628158,0.8672170622635019,0.8716841956305562,0.760655737704918,0.7609649122807017,127,223,216,191,200
"{'colsample_bytree': 0.9, 'subsample': 0.6, 'subsample_freq': 0}",0.754863813229572,0.8812134502923976,0.8856577544446076,0.7934426229508197,0.7939671482628139,51,8,8,27,27
"{'colsample_bytree': 0.9, 'subsample': 0.6, 'subsample_freq': 10}",0.6991869918699187,0.8715600275197797,0.8764854766793703,0.7573770491803279,0.7580194358445133,206,220,193,203,203
"{'colsample_bytree': 0.9, 'subsample': 0.6, 'subsample_freq': 20}",0.7415730337078651,0.8759459924320606,0.8784420916308691,0.7737704918032787,0.774187306501548,114,168,173,137,147
"{'colsample_bytree': 0.9, 'subsample': 0.6, 'subsample_freq': 30}",0.7265625,0.8739250085999312,0.8671891540565815,0.7704918032786885,0.7710268317853457,159,199,225,149,152
"{'colsample_bytree': 0.9, 'subsample': 0.6, 'subsample_freq': 40}",0.7016129032258065,0.8740970072239422,0.876837082895193,0.7573770491803279,0.7579979360165119,203,197,191,203,207
"{'colsample_bytree': 0.9, 'subsample': 0.6, 'subsample_freq': 50}",0.6666666666666666,0.8761609907120743,0.8801455772311116,0.7377049180327869,0.7384115927072583,223,160,143,223,223
"{'colsample_bytree': 0.9, 'subsample': 0.6, 'subsample_freq': 60}",0.6776859504132232,0.8768489852081184,0.8810785118896134,0.7442622950819672,0.7449475404196766,218,146,112,218,218
"{'colsample_bytree': 0.9, 'subsample': 0.6, 'subsample_freq': 70}",0.6885245901639345,0.8769349845201239,0.8810436263122142,0.7508196721311475,0.751483488132095,212,144,114,212,212
"{'colsample_bytree': 0.9, 'subsample': 0.6, 'subsample_freq': 80}",0.7470817120622568,0.8773649810801515,0.8816871273110858,0.7868852459016393,0.7874097007223941,98,130,100,82,90
"{'colsample_bytree': 0.9, 'subsample': 0.7, 'subsample_freq': 0}",0.7200000000000001,0.8812564499484005,0.8859108354706908,0.7704918032786885,0.7710913312693499,184,5,5,149,149
"{'colsample_bytree': 0.9, 'subsample': 0.7, 'subsample_freq': 10}",0.712,0.8765479876160992,0.878934950362697,0.7639344262295082,0.7645338837289302,193,152,163,178,181
"{'colsample_bytree': 0.9, 'subsample': 0.7, 'subsample_freq': 20}",0.7647058823529412,0.8762039903680771,0.8743970851039182,0.7901639344262295,0.7905271757825938,23,159,204,48,81
"{'colsample_bytree': 0.9, 'subsample': 0.7, 'subsample_freq': 30}",0.725868725868726,0.8728930168558652,0.8759669227683796,0.7672131147540984,0.7677158582731338,166,211,196,162,171
"{'colsample_bytree': 0.9, 'subsample': 0.7, 'subsample_freq': 40}",0.7293233082706766,0.8738390092879256,0.8750758351404437,0.7639344262295082,0.7643618851049192,156,201,201,178,189
"{'colsample_bytree': 0.9, 'subsample': 0.7, 'subsample_freq': 50}",0.725868725868726,0.876031991744066,0.8795819458920502,0.7672131147540984,0.7677158582731338,166,166,156,162,171
"{'colsample_bytree': 0.9, 'subsample': 0.7, 'subsample_freq': 60}",0.7335907335907336,0.8772789817681459,0.879823543965376,0.7737704918032787,0.7742733058135536,143,133,150,137,144
"{'colsample_bytree': 0.9, 'subsample': 0.7, 'subsample_freq': 70}",0.7480916030534351,0.8780959752321982,0.8804744285520872,0.7836065573770492,0.784077227382181,96,106,132,102,110
"{'colsample_bytree': 0.9, 'subsample': 0.7, 'subsample_freq': 80}",0.7557251908396947,0.8789989680082559,0.8816452559740158,0.7901639344262295,0.7906346749226006,47,71,103,48,72
"{'colsample_bytree': 0.9, 'subsample': 0.8, 'subsample_freq': 0}",0.7450980392156862,0.8808264533883728,0.8848777438311995,0.7868852459016393,0.7874312005503956,100,13,21,82,82
"{'colsample_bytree': 0.9, 'subsample': 0.8, 'subsample_freq': 10}",0.7265625,0.8737960096319228,0.8780649143628128,0.7704918032786885,0.7710268317853457,159,202,179,149,152
"{'colsample_bytree': 0.9, 'subsample': 0.8, 'subsample_freq': 20}",0.7392996108949417,0.8792569659442724,0.8807056847536316,0.780327868852459,0.7808522531819746,121,57,125,113,119
"{'colsample_bytree': 0.9, 'subsample': 0.8, 'subsample_freq': 30}",0.725868725868726,0.8727210182318541,0.8728282328205479,0.7672131147540984,0.7677158582731338,166,213,213,162,171
"{'colsample_bytree': 0.9, 'subsample': 0.8, 'subsample_freq': 40}",0.7368421052631579,0.8730005159958721,0.8681405968297187,0.7704918032786885,0.7709193326453387,125,209,224,149,160
"{'colsample_bytree': 0.9, 'subsample': 0.8, 'subsample_freq': 50}",0.7244094488188976,0.8774294805641555,0.8731638061928262,0.7704918032786885,0.7710483316133471,173,129,211,149,151
"{'colsample_bytree': 0.9, 'subsample': 0.8, 'subsample_freq': 60}",0.7215686274509804,0.8769779841761266,0.8726274082358352,0.7672131147540984,0.7677588579291366,179,143,214,162,165
"{'colsample_bytree': 0.9, 'subsample': 0.8, 'subsample_freq': 70}",0.732283464566929,0.8775584795321638,0.8803650029505952,0.7770491803278688,0.7776057791537667,146,126,134,126,128
"{'colsample_bytree': 0.9, 'subsample': 0.8, 'subsample_freq': 80}",0.7490347490347491,0.8797084623323014,0.8831758870186599,0.7868852459016393,0.7873882008943929,95,33,58,82,91
"{'colsample_bytree': 0.9, 'subsample': 0.9, 'subsample_freq': 0}",0.754863813229572,0.881342449260406,0.8861869379282308,0.7934426229508197,0.7939671482628139,51,3,4,27,27
"{'colsample_bytree': 0.9, 'subsample': 0.9, 'subsample_freq': 10}",0.7709923664122138,0.8780959752321981,0.883122792489439,0.8032786885245902,0.8037495700034399,8,107,59,7,9
"{'colsample_bytree': 0.9, 'subsample': 0.9, 'subsample_freq': 20}",0.7384615384615385,0.8796009631922944,0.8814525117217527,0.7770491803278688,0.7775412796697627,123,40,105,126,135
"{'colsample_bytree': 0.9, 'subsample': 0.9, 'subsample_freq': 30}",0.7604562737642586,0.8803319573443413,0.8824701916891435,0.7934426229508197,0.7939026487788098,32,19,81,27,40
"{'colsample_bytree': 0.9, 'subsample': 0.9, 'subsample_freq': 40}",0.7200000000000001,0.8784399724802202,0.8823117439859781,0.7704918032786885,0.7710913312693499,184,95,87,149,149
"{'colsample_bytree': 0.9, 'subsample': 0.9, 'subsample_freq': 50}",0.7450980392156862,0.8791709666322669,0.8843690989532826,0.7868852459016393,0.7874312005503956,100,61,35,82,82
"{'colsample_bytree': 0.9, 'subsample': 0.9, 'subsample_freq': 60}",0.7756653992395438,0.8789989680082559,0.883079531300369,0.8065573770491803,0.8070175438596491,4,71,63,2,3
"{'colsample_bytree': 0.9, 'subsample': 0.9, 'subsample_freq': 70}",0.7640449438202247,0.8770639834881321,0.8802743755444238,0.7934426229508197,0.7938596491228069,26,141,137,27,43
"{'colsample_bytree': 0.9, 'subsample': 0.9, 'subsample_freq': 80}",0.7509578544061303,0.8788699690402476,0.8827541805581881,0.7868852459016393,0.7873667010663914,88,80,69,82,92
"{'colsample_bytree': 0.9, 'subsample': 1.0, 'subsample_freq': 0}",0.754863813229572,0.881342449260406,0.8862063016233583,0.7934426229508197,0.7939671482628139,51,3,3,27,27
"{'colsample_bytree': 0.9, 'subsample': 1.0, 'subsample_freq': 10}",0.75,0.8807404540763674,0.8849142597021827,0.7901639344262295,0.7906991744066048,89,14,19,48,48
"{'colsample_bytree': 0.9, 'subsample': 1.0, 'subsample_freq': 20}",0.7351778656126482,0.8810414516683868,0.8862466666689479,0.780327868852459,0.7808952528379773,133,10,2,113,113
"{'colsample_bytree': 0.9, 'subsample': 1.0, 'subsample_freq': 30}",0.75,0.8812564499484005,0.8862541967575137,0.7901639344262295,0.7906991744066048,89,5,1,48,48
"{'colsample_bytree': 0.9, 'subsample': 1.0, 'subsample_freq': 40}",0.7068273092369477,0.8788054695562435,0.8825759016751585,0.760655737704918,0.761265909872721,198,83,78,191,194
"{'colsample_bytree': 0.9, 'subsample': 1.0, 'subsample_freq': 50}",0.7401574803149606,0.8810844513243894,0.8855848971356676,0.7836065573770492,0.7841632266941865,117,9,9,102,102
"{'colsample_bytree': 0.9, 'subsample': 1.0, 'subsample_freq': 60}",0.7096774193548387,0.8806544547643618,0.8851419714442734,0.7639344262295082,0.7645553835569315,195,15,16,178,178
"{'colsample_bytree': 0.9, 'subsample': 1.0, 'subsample_freq': 70}",0.7044534412955465,0.8812134502923977,0.8857354682304613,0.760655737704918,0.7612874097007224,200,7,7,191,191
"{'colsample_bytree': 0.9, 'subsample': 1.0, 'subsample_freq': 80}",0.7096774193548387,0.8809124527003784,0.8848641890205164,0.7639344262295082,0.7645553835569315,195,12,22,178,178
"{'colsample_bytree': 1.0, 'subsample': 0.6, 'subsample_freq': 0}",0.7450980392156862,0.8793644650842793,0.883945720518847,0.7868852459016393,0.7874312005503956,100,55,39,82,82
"{'colsample_bytree': 1.0, 'subsample': 0.6, 'subsample_freq': 10}",0.6938775510204082,0.8727210182318542,0.8770338521252669,0.7540983606557377,0.7547514619883041,210,212,190,209,209
"{'colsample_bytree': 1.0, 'subsample': 0.6, 'subsample_freq': 20}",0.7545787545787546,0.8742690058479532,0.8778328696210801,0.780327868852459,0.7806802545579636,65,195,180,113,125
"{'colsample_bytree': 1.0, 'subsample': 0.6, 'subsample_freq': 30}",0.7265625,0.8743980048159615,0.8700366396658992,0.7704918032786885,0.7710268317853457,159,192,222,149,152
"{'colsample_bytree': 1.0, 'subsample': 0.6, 'subsample_freq': 40}",0.7016129032258065,0.8738820089439284,0.8770412240192822,0.7573770491803279,0.7579979360165119,203,200,189,203,207
"{'colsample_bytree': 1.0, 'subsample': 0.6, 'subsample_freq': 50}",0.6776859504132232,0.8777089783281733,0.8808908271703146,0.7442622950819672,0.7449475404196766,218,122,116,218,218
"{'colsample_bytree': 1.0, 'subsample': 0.6, 'subsample_freq': 60}",0.6831275720164608,0.8764619883040936,0.8808175286053532,0.7475409836065574,0.7482155142758857,216,153,119,216,216
"{'colsample_bytree': 1.0, 'subsample': 0.6, 'subsample_freq': 70}",0.6885245901639345,0.8772359821121432,0.8813275529963933,0.7508196721311475,0.751483488132095,212,136,108,212,212
"{'colsample_bytree': 1.0, 'subsample': 0.6, 'subsample_freq': 80}",0.7351778656126482,0.8769779841761267,0.8816707617247933,0.780327868852459,0.7808952528379773,133,142,102,113,113
"{'colsample_bytree': 1.0, 'subsample': 0.7, 'subsample_freq': 0}",0.7450980392156862,0.8797084623323014,0.884858155696741,0.7868852459016393,0.7874312005503956,100,33,23,82,82
"{'colsample_bytree': 1.0, 'subsample': 0.7, 'subsample_freq': 10}",0.712,0.8763759889920881,0.8789174972275485,0.7639344262295082,0.7645338837289302,193,154,164,178,181
"{'colsample_bytree': 1.0, 'subsample': 0.7, 'subsample_freq': 20}",0.7675276752767528,0.8776229790161679,0.8788852787960505,0.7934426229508197,0.7938166494668043,16,125,167,27,44
"{'colsample_bytree': 1.0, 'subsample': 0.7, 'subsample_freq': 30}",0.7165354330708661,0.8743765049879602,0.8753944800178453,0.7639344262295082,0.7644908840729274,189,193,199,178,183
"{'colsample_bytree': 1.0, 'subsample': 0.7, 'subsample_freq': 40}",0.7368421052631579,0.8719900240798074,0.8751277228580461,0.7704918032786885,0.7709193326453387,125,217,200,149,160
"{'colsample_bytree': 1.0, 'subsample': 0.7, 'subsample_freq': 50}",0.701195219123506,0.8756879944960441,0.8782802265042753,0.7540983606557377,0.7546869625043,205,180,175,209,211
"{'colsample_bytree': 1.0, 'subsample': 0.7, 'subsample_freq': 60}",0.7215686274509804,0.8762469900240798,0.879186652759942,0.7672131147540984,0.7677588579291366,179,158,160,162,165
"{'colsample_bytree': 1.0, 'subsample': 0.7, 'subsample_freq': 70}",0.7372549019607844,0.8757094943240454,0.8794197626033063,0.780327868852459,0.7808737530099759,124,179,158,113,118
"{'colsample_bytree': 1.0, 'subsample': 0.7, 'subsample_freq': 80}",0.7315175097276265,0.8777949776401788,0.88159713075853,0.7737704918032787,0.7742948056415548,147,117,104,137,137
"{'colsample_bytree': 1.0, 'subsample': 0.8, 'subsample_freq': 0}",0.754863813229572,0.8793644650842795,0.8831046594628518,0.7934426229508197,0.7939671482628139,51,53,61,27,27
"{'colsample_bytree': 1.0, 'subsample': 0.8, 'subsample_freq': 10}",0.7265625,0.8746560027519781,0.8785789424040682,0.7704918032786885,0.7710268317853457,159,188,169,149,152
"{'colsample_bytree': 1.0, 'subsample': 0.8, 'subsample_freq': 20}",0.7538461538461538,0.8772574819401445,0.8807462548807226,0.7901639344262295,0.790656174750602,66,135,122,48,55
"{'colsample_bytree': 1.0, 'subsample': 0.8, 'subsample_freq': 30}",0.7230769230769232,0.8719900240798074,0.873480210466863,0.7639344262295082,0.7644263845889233,175,217,209,178,185
"{'colsample_bytree': 1.0, 'subsample': 0.8, 'subsample_freq': 40}",0.7340823970037453,0.8729360165118679,0.8742471820499533,0.7672131147540984,0.7676298589611283,141,210,205,162,176
"{'colsample_bytree': 1.0, 'subsample': 0.8, 'subsample_freq': 50}",0.7315175097276265,0.8761179910560715,0.8789002842288514,0.7737704918032787,0.7742948056415548,147,162,165,137,137
"{'colsample_bytree': 1.0, 'subsample': 0.8, 'subsample_freq': 60}",0.7315175097276265,0.8758599931200549,0.8786696691595007,0.7737704918032787,0.7742948056415548,147,172,168,137,137
"{'colsample_bytree': 1.0, 'subsample': 0.8, 'subsample_freq': 70}",0.7432950191570881,0.8774939800481596,0.8800581120396084,0.780327868852459,0.7808092535259719,110,128,146,113,121
"{'colsample_bytree': 1.0, 'subsample': 0.8, 'subsample_freq': 80}",0.752851711026616,0.8782679738562091,0.8818546625545349,0.7868852459016393,0.7873452012383901,83,100,94,82,93
"{'colsample_bytree': 1.0, 'subsample': 0.9, 'subsample_freq': 0}",0.7351778656126482,0.8795794633642932,0.8851258696625903,0.780327868852459,0.7808952528379773,133,44,17,113,113
"{'colsample_bytree': 1.0, 'subsample': 0.9, 'subsample_freq': 10}",0.7586206896551724,0.8780959752321981,0.882643420454567,0.7934426229508197,0.7939241486068112,38,107,73,27,38
"{'colsample_bytree': 1.0, 'subsample': 0.9, 'subsample_freq': 20}",0.7364341085271318,0.8801169590643275,0.8817062378330751,0.7770491803278688,0.777562779497764,130,20,98,126,132
"{'colsample_bytree': 1.0, 'subsample': 0.9, 'subsample_freq': 30}",0.7575757575757576,0.8793859649122807,0.8820448667746011,0.7901639344262295,0.7906131750945993,40,52,89,48,76
"{'colsample_bytree': 1.0, 'subsample': 0.9, 'subsample_freq': 40}",0.7773584905660378,0.8809769521843824,0.8832774821356763,0.8065573770491803,0.8069960440316477,3,11,52,2,5
"{'colsample_bytree': 1.0, 'subsample': 0.9, 'subsample_freq': 50}",0.7680608365019012,0.8788269693842449,0.8826157447465848,0.8,0.8004600963192294,14,82,75,10,14
"{'colsample_bytree': 1.0, 'subsample': 0.9, 'subsample_freq': 60}",0.7806691449814127,0.8784399724802201,0.8819845408585396,0.8065573770491803,0.806953044375645,1,96,90,2,6
"{'colsample_bytree': 1.0, 'subsample': 0.9, 'subsample_freq': 70}",0.7692307692307693,0.8777089783281734,0.8831167979982424,0.8032786885245902,0.8037710698314413,10,121,60,7,7
"{'colsample_bytree': 1.0, 'subsample': 0.9, 'subsample_freq': 80}",0.7644787644787646,0.8785259717922257,0.884158256989087,0.8,0.8005030959752322,24,93,37,10,10
"{'colsample_bytree': 1.0, 'subsample': 1.0, 'subsample_freq': 0}",0.7644787644787646,0.8793644650842795,0.8841170459632317,0.8,0.8005030959752322,24,53,38,10,10
"{'colsample_bytree': 1.0, 'subsample': 1.0, 'subsample_freq': 10}",0.754863813229572,0.8799234606123151,0.8853438148642587,0.7934426229508197,0.7939671482628139,51,23,12,27,27
"{'colsample_bytree': 1.0, 'subsample': 1.0, 'subsample_freq': 20}",0.7351778656126482,0.879407464740282,0.8845610281423182,0.780327868852459,0.7808952528379773,133,51,29,113,113
"{'colsample_bytree': 1.0, 'subsample': 1.0, 'subsample_freq': 30}",0.754863813229572,0.8791924664602683,0.8832581931441301,0.7934426229508197,0.7939671482628139,51,59,54,27,27
"{'colsample_bytree': 1.0, 'subsample': 1.0, 'subsample_freq': 40}",0.7401574803149606,0.8797084623323014,0.8844436459876044,0.7836065573770492,0.7841632266941865,117,33,32,102,102
"{'colsample_bytree': 1.0, 'subsample': 1.0, 'subsample_freq': 50}",0.75,0.8798374613003096,0.8844323273457897,0.7901639344262295,0.7906991744066048,89,27,33,48,48
"{'colsample_bytree': 1.0, 'subsample': 1.0, 'subsample_freq': 60}",0.75,0.8798374613003096,0.8844829446154842,0.7901639344262295,0.7906991744066048,89,27,31,48,48
"{'colsample_bytree': 1.0, 'subsample': 1.0, 'subsample_freq': 70}",0.7450980392156862,0.8799234606123151,0.885544347917767,0.7868852459016393,0.7874312005503956,100,23,10,82,82
"{'colsample_bytree': 1.0, 'subsample': 1.0, 'subsample_freq': 80}",0.7450980392156862,0.8796654626762986,0.8847573756593279,0.7868852459016393,0.7874312005503956,100,37,26,82,82
